<?xml version = '1.0' encoding = 'UTF-8'?>
<Relation class="oracle.dbtools.crest.model.design.logical.Relation" name="FK_DEP_AVI" directorySegmentName="seg_0" id="49601F40-8489-88BF-7E90-050D00566240">
<createdBy>gumor</createdBy>
<createdTime>2023-11-15 18:02:03 UTC</createdTime>
<ownerDesignName>Vacina_Fácil</ownerDesignName>
<engineerTo>
<item key="C6BC0C4E-C690-A425-5DD0-FF699920DDC2" value="true"/>
</engineerTo>
<sourcePk>7B3F7EDA-27DD-18F6-2AED-9356EE487D7A</sourcePk>
<identifying>false</identifying>
<optionalSource>true</optionalSource>
<optionalTarget>false</optionalTarget>
<sourceCardinality>1</sourceCardinality>
<sourceEntity>DF488557-9D34-692C-9657-01B184468D36</sourceEntity>
<targetCardinalityString>*</targetCardinalityString>
<targetEntity>F4ED87BD-810B-D63D-B307-811B08DE7898</targetEntity>
<transferable>true</transferable>
<deleteRule>NO ACTION</deleteRule>
</Relation>