<?xml version = '1.0' encoding = 'UTF-8'?>
<Entity class="oracle.dbtools.crest.model.design.logical.Entity" directorySegmentName="seg_0" id="A35BC333-0191-FA6F-6327-06CF81E003D0" name="T_USUARIO">
<createdBy>gumor</createdBy>
<createdTime>2023-11-14 20:39:43 UTC</createdTime>
<ownerDesignName>Vacina_Fácil</ownerDesignName>
<engineerTo>
<item key="C6BC0C4E-C690-A425-5DD0-FF699920DDC2" value="true"/>
</engineerTo>
<adequatelyNormalized>NO</adequatelyNormalized>
<expectedVolumes>0</expectedVolumes>
<fwdEngineeringStrategyName>Single Table</fwdEngineeringStrategyName>
<growthPercent>0</growthPercent>
<growthType>Year</growthType>
<maxVolumes>9999999</maxVolumes>
<minVolumes>0</minVolumes>
<normalForm>Third</normalForm>
<attributes itemClass="oracle.dbtools.crest.model.design.logical.Attribute">
<Attribute name="ID_USUARIO" id="DAE3D64F-F384-CCFB-710A-9EF9125EC890">
<createdBy>gumor</createdBy>
<createdTime>2023-11-14 20:40:02 UTC</createdTime>
<ownerDesignName>Vacina_Fácil</ownerDesignName>
<engineerTo>
<item key="C6BC0C4E-C690-A425-5DD0-FF699920DDC2" value="true"/>
</engineerTo>
<useDomainConstraints>false</useDomainConstraints>
<use>1</use>
<logicalDatatype>LOGDT019</logicalDatatype>
<dataTypePrecision>9</dataTypePrecision>
<ownDataTypeParameters>,9,</ownDataTypeParameters>
</Attribute>
<Attribute name="DS_EMAIL" id="E62E6C08-F1D4-D8CE-FEB5-E4D495AD15AC">
<createdBy>gumor</createdBy>
<createdTime>2023-11-14 20:40:03 UTC</createdTime>
<ownerDesignName>Vacina_Fácil</ownerDesignName>
<engineerTo>
<item key="C6BC0C4E-C690-A425-5DD0-FF699920DDC2" value="true"/>
</engineerTo>
<useDomainConstraints>false</useDomainConstraints>
<use>1</use>
<logicalDatatype>LOGDT024</logicalDatatype>
<dataTypeSize>50</dataTypeSize>
<ownDataTypeParameters>50,,</ownDataTypeParameters>
</Attribute>
<Attribute name="NM_USUARIO" id="34F402AB-D6D4-A3DE-434E-EF6A366185AE">
<createdBy>gumor</createdBy>
<createdTime>2023-11-14 20:40:02 UTC</createdTime>
<ownerDesignName>Vacina_Fácil</ownerDesignName>
<engineerTo>
<item key="C6BC0C4E-C690-A425-5DD0-FF699920DDC2" value="true"/>
</engineerTo>
<useDomainConstraints>false</useDomainConstraints>
<use>1</use>
<logicalDatatype>LOGDT024</logicalDatatype>
<dataTypeSize>50</dataTypeSize>
<ownDataTypeParameters>50,,</ownDataTypeParameters>
</Attribute>
<Attribute name="NR_TELEFONE" id="911E304E-D8B6-49CF-6975-4BBB4F33B1F5">
<createdBy>gumor</createdBy>
<createdTime>2023-11-14 20:40:03 UTC</createdTime>
<ownerDesignName>Vacina_Fácil</ownerDesignName>
<engineerTo>
<item key="C6BC0C4E-C690-A425-5DD0-FF699920DDC2" value="true"/>
</engineerTo>
<useDomainConstraints>false</useDomainConstraints>
<use>1</use>
<logicalDatatype>LOGDT024</logicalDatatype>
<dataTypeSize>9</dataTypeSize>
<ownDataTypeParameters>9,,</ownDataTypeParameters>
</Attribute>
</attributes>
<identifiers itemClass="oracle.dbtools.crest.model.design.logical.CandidateKey">
<identifier id="D55571D3-F79F-2453-3364-C33918B1A8A5" name="PK_T_USUARIO">
<createdBy>gumor</createdBy>
<createdTime>2023-11-14 20:40:20 UTC</createdTime>
<ownerDesignName>Vacina_Fácil</ownerDesignName>
<shouldEngineer>false</shouldEngineer>
<engineerTo>
<item key="C6BC0C4E-C690-A425-5DD0-FF699920DDC2" value="false"/>
</engineerTo>
<pk>true</pk>
<newElementsIDs>DAE3D64F-F384-CCFB-710A-9EF9125EC890</newElementsIDs>
<usedAttributes>
<attributeRef>DAE3D64F-F384-CCFB-710A-9EF9125EC890</attributeRef>
</usedAttributes>
</identifier>
<identifier id="89160640-E175-9446-8971-79C12B6FFA1C" name="UK_DS_EMAIL">
<createdBy>gumor</createdBy>
<createdTime>2023-11-14 21:28:18 UTC</createdTime>
<ownerDesignName>Vacina_Fácil</ownerDesignName>
<shouldEngineer>false</shouldEngineer>
<engineerTo>
<item key="C6BC0C4E-C690-A425-5DD0-FF699920DDC2" value="false"/>
</engineerTo>
<newElementsIDs>E62E6C08-F1D4-D8CE-FEB5-E4D495AD15AC</newElementsIDs>
<usedAttributes>
<attributeRef>E62E6C08-F1D4-D8CE-FEB5-E4D495AD15AC</attributeRef>
</usedAttributes>
</identifier>
</identifiers>
</Entity>